{"initial_reset_timestamp": 1549331273.2800138, "timestamps": [1549331274.4687667], "episode_lengths": [1061], "episode_rewards": [-21.0], "episode_types": ["t"]}