{"initial_reset_timestamp": 1549330021.6767397, "timestamps": [1549330023.3409712], "episode_lengths": [1025], "episode_rewards": [-21.0], "episode_types": ["t"]}