{"initial_reset_timestamp": 1549332559.2788606, "timestamps": [1549332560.4168172], "episode_lengths": [1019], "episode_rewards": [-21.0], "episode_types": ["t"]}